name,full_seq,miRNAsite,start_index
METTL16,aaaacaacaacgagctttTCTCTCCtctctggggatcctggtcagcttcacattggtggcccagaaatcagtctcagcccctcccagtatggaccgctccttgacagccgccctctctcctataaaggcagatgcaagctacgtttgtgtggggatgacacagcacaaaggcccttgccagatgtgagccccttgatattggatttcccagtcttcagaactgtcgaaaagcccaggaatgttctagaatatatgattggcgaggaccctcactggtgccatccacatcttctcttcaggactgggaacgttggcagctgatgatcctctgggaagttcc,TCTCTCC,18
AK081523,aaaccagccggagcggcgcggcagcggcaggaccgccgtggcgcctagagtagcgacccggggggagcgcggggcgacgctggctgcagggacccggtgacagcgtgagagaattctttttttttttttcctttaataaggtactaggtttTGacaagcttgcatcatgcgtgagtataagctagtcgttcttggctcaggaggcgttggaaagtctgctttgactgtacaatttgttcaaggaatttttgtagaaaaatacgatcctacgatagaagattcttatagaaagcaagttgaagtagatgcaca,TG,151
AK088388,aaacctcgcccagattcaggcgtgtaaaccagccggagcggcgcggcagcggcaggaccgccgtggcgcctagagtagcgacccggggggagcgcggggcgacgctggctgcagggacccggtgacagcgtgagaggttcgcagagcatggtggtgtgttcctgtagtcccagctactcgggaggctgagcaggagaatcgctggaacctggcaggcagaacttgcagtgagctgagatcgtgccactgcactccagcctaggcgacagagtgagactccgtctcaaacaacaacaacaacaaaagctcctcgatggaaccatttgatagtgacaaggattgaagtactaggttttgacaagcttgcatcatgcgtgagtataagctagtcgttcttggctcaggaggcgttggaaagtctgctttgactgtacaatttgttcaaggaatttttgtagaaaaatacga,-,-1
CDK4PS,aaagggaatgatgaaaggtggaaacaaacaagaagaagcgtggataaatccatttgttaaacagttttcaaacatcagtttttcgagagactcaccagaggaaaatgtacaaagcaataagatggacctttctggaggtaagagaaaattaaatctgtttatattcctcattgagggacacgcacatccatgacatgattctactgaaagagccctgacgtagatcaggacaggggaggctgtgctctccaatagacgtacacatgctgtggttaaatgagtgcatgtgccttgaaag,-,-1
CHRF,aaatgggagaagtcagacagaaaaccagtcctgggccactgaggagtgaaacaggtctgggaatgaggcccagaggcaggtgggaggcccccagctggaaatgcctgccttctccactcccagcgtgggccagaggcagctcgtgtgcctggcccgagccctgctccgcaagagccgcatcctggttttagacgaggccacagctgccatcgacctggagactgacaacctcatccaggctaccatccgcacccagtttgatacctgcactgtcctgaccatcgcacaccggcttaacactatcatggactacaccagccactctggtcacagatgaagaagcaactcaagtggcagctggaccgtgacagcaccatgaggag,-,-1
cox2,aaattgttgaatttttcttttcactataggttttcctccttggaagtttagcctgttaactttcaggaagttttgtactcagattcccacagtcagtattctgccagtggtggtgtttcattttgttcaaagatatataaatttttcttttcctttttctatatttctttttttttttttttctcttagagccattgctgctgagattgttctaaagggacaaagagaggtccaccgtttatatcagagagccttacagaagttacctctttgtgcatcactgtggaaagatcaactcttgtttgaagcatcagaaggaggtaaaactgataacctgagaaaactagtttccaagtgccaagagattggagtcagcctaaatgagctcttaaatttaaacagtaacaaaacagaaagcaagaatcactgaacactgggtgcagtcagttctaagtccttataataattgc,-,-1
CRAL,aacactccagagccaacaacaacgcaagaacctttggtgggcagccaaaagagaaaagcaaggaaaaccaagattacacaccttgtcaggacagcagatggccgggtatcaccagcaggagatgacaaaccaaaggaacaactgcagaggagtctccctaaagcaactgagacagactgcaatgacaaatgctcacacaacaccgaggtcggggagacgcggagcagtactccagaaatgcctgccgtgtctgcgttctttagcctcgctgcgctggctgaagtggcagccatggaaaatgtgcacagaggtcagaggtcaactccgctcacccatgatggacagccaaaagaaatgccgcaggctcctgtacttatttcctgcgctgaccagtgaagcgccctttcatt,-,-1
E2F3P1,aacagtactacagaccaagtatatcaggctatcgcagcaaaggttggcatggacagtacgacagtgaattactttgccttatttgaagtgatcagtcactcctttgtacgtaaattggcacctaatgagtttcctcacaaactctacattcagaattatacatcagctgtgccaggcacctgcttgaccattcgaaagTggctttttacaacagaagaagaaattctcttaaatgacaatgaccttgctgttacctacttctttcatcagattccagcagcatctcttcatttcccactattgaagatgagacaccagctgtctttccttctccattcctaccatatacccatacctttttcatctctcccatccccttaatatagtcaaattataatatttgtaaggtcaatatgcagtgtttacaatattatgactgtaaatagtgagatttacaacagagccatataataaacactgtctttactttt,T,198
HOST2,aactacacagcccggattcaggccacatctctctctgggaatgggtcgtggacagatcctgtgttcttctatgtccaggccaaaacaggatatgaaaacttcatccatctgatcatcgctctgcccgtcgctgtcctgttgatcgtgggagggttggtgattatgctgtacgtcttccatagaaagagaaataacagcaggctggggaatggagtgctgtatgcctctgtgaacccggagtacttcagcgctgctgatggtgcgattgctgggtgtggtgtcccaaggccagccaacactggtcatcatg,-,-1
IPS1,aagaatcccttaggatgaagctgagtcttaccaaggtagttaatggctgtcgcctaggaaaaataaaaaacctgggcaaaacaggggaccacaccatggatattccaggctgccttctgtataccaagactggctccgccccacacctcacccatcacacgctgcataatatccacggggttcctgccatggctcagcttacgctgtcatccctagcagaacatcatgaagtcttgacagaatataaagaaggagttggaaagtttataggcatgccagaatcactcttgtactgctccctgcacgatccagtcagcccctgcccggctggttatgtaacaaacaaggttcttcagaagagtgtgatcattggagtgattgaaggtggagatgtgatggaagagaggctgaggtcagcacgagagacagccaagcggcctgtgggtggc,-,-1
linc-MD1,aaggaggagccggacagagaagccagggcaggcgtgcaggctgacgaggacgaagatggagacgagaaagatgagaagaagcacagaagtcaacccaaagatctagctgccaaacggaggcccgaagaaaaagaacctgaaaaagtaaatccacagatttctgatgaaaaagacgaggatgaaaaggaggagaagagacgcaaaacgacccccaaagaaccaacggaGaAAAaaatggctcgcgccaaaacagtcatgaactccaaggtaaacatctgccgggaataaagccggtggcggcgctcacgaggcggctgggagctgctctctgagtgccatca,GAAA,227
lincRNA-p21,acaaatactatctgtagacaggtctgttaaatcattcctttactcagagacagcaagtccagcatgggcctatcgctggatgattgactccagagatgacttcacagaggagcgcctggccaagctgcaggacccattctctctataccgctgccacaccatcatgaactgcacaaggacctgtcctaagggtctgaatccagggaaagctattgcagagatcaagaaaatgatggcaacctataaggagaagaaagcttcagtttaactgtttccatgctaaacatgatttataaccagctcagagctgaacataatttatatctaatttgagttcctttaaagatcttggttttccatgaatacagcatgtataataaaaattttaagaaataaa,-,-1
lincRNA-ROR,acatgacagccatcatcaaagagatcgttagcagaaacaaaaggagatatcaagaggatggattcgacttagacttgacctatatttatccaaacattattgctatgggatttcctgcagaaagacttgaaggcgtatacaggaacaatattgatgatgtagtaaggtaagaatgctttgattttctatttcaaatattgatgtttatattcatgttgtgttttcatttagaaaagatttctaagccacagaaaaagatactttgtgatgtaaactattattgtagtgctctataatcattttttggcttaccgtacctaatggacttcagggggatacagttcatttgataagaactgaccttatacattacataatcaggt,-,-1
MRAK088388,actgagggtctaagtccgggcagccgaagagtgtggtaggtaacggtcctcagcgcaagggtcatttcgtcgctgggaagggacggccctcgcccgcggtgatggtggttagcaagatgaacaaagatgcgcagatgagagcagcgattaaccaaaagttgatagaaactggagaaagagaacgccctggtacctgacagtgtaaagaaggagctcctacaaagaataaGAACATTCCTtgctcagcatgccagcctttaagattgaattagattgtgttgttgtggttttatttctgaaagtaaaacttgccataaattagaaaacaatttcccaaaataaaatccttttttgtatgatggtatacagttttcagtaatgatgtatacattgtattgatttttttccctaaatgtgttattttaataaatatctcatgaatgag,GAACATTCCT,229
Ncrms,agaagaatttggaaggccttaaatatagtagcttagtttgaaaaatgtgaaggactttcgtaacggaagtaattcaagatcaagagtaattaccaacttaatgtttttgcattggactttgagttaagattattttttaaatcctgaggactagcattaattgacagctgacccaggagccagtgcgatttggtgaaggaagctaggaagaaggaaggagcgctaacgatttggtggtgaagctaggaaaaaggattccaggaaggagcgagtgcaatttggtgatgaaggtagcaggcggcttggcttggcaaccacacggaggaggcgagcaggcgttgtgcgtagaggat,-,-1
OCT4-pg1,agactccgtctaaaaatgaaagtggcatctgatacagagaagattagcatggcccctgctcaaggatgacacacaaatttgtgaagggttccatttaaaa,-,-1
OCT4-pg3,agactccgtctaaaaatgaaagtggcatctgatacagagaagattagcatggcccctgctcaaggatgacacacaaatttgtgaagggttccatttaaaa,-,-1
OCT4-pg4,agactccgtctaaaaatgaaagtggcatctgatacagagaagattagcatggcccctgctcaaggatgacacacaaatttgtgaagggttccatttaaaa,-,-1
OCT4-pg5,agactccgtctaaaaatgaaagtggcatctgatacagagaagattagcatggcccctgctcaaggatgacacacaaatttgtgaagggttccatttaaaa,-,-1
Pbcas4,agactccgtctaaaaatgaaagtggcatctgatacagagaagattagcatggcccctgctcaaggatgacacacaaatttgtgaagggttccatttaaaa,-,-1
PsiCx43,agagatatctgtataagaagagactatctggattgaggacccgggatctttccctttaactttcgccccttggagttctccagttctgtgaatgaaaagaaaaagaaaaaaatgtcattagaagaggcgtaacacgtcagtccgtccccaggtttgtgtttcctggagtggccgaaagagatcagttctaacctgctctgcaggaataacggtcctgcctcccgacactcttggcgaggtttttgtacagtttgctccgggagctgtttcttcgcttccacctttttctcccccacacttcgcggcttcttcatgctttttcttctcaccatttctggccaaaactacaaacaagacttcgcagatcgagcctgcgtgctgccgaagcagggcgccgagtccatgcgaactgccatctgatccgctcttatca,-,-1
SNAI1,agaggttttttatcatatgtgcaaattcttcatcttacagaatcgaggcgataatcttcttccatttttgcggaaatttattgcatccttctttaaaccggggtttgagaagtataataacttggatctgtttcggtatctcttaaatattccaggaccaattgacattccatctcgtttatgtaaagggaattttgatgatgatatgtttaaccaccaagttccttatttgtggctgatttactggtgagacatccactgtggagagatattgcatactaggcctgcatttgctatttattactgaattacactgtgtttgttataattaacttgatgttaaagtcattgaagcacaattgaagagatgctaaggtttag,-,-1
VCAN,agatcacctcaagagatctggattccagagatctgagtcttgctgatggctcttgatggaactgaggagtttggattcctcaggaggctataaccttgccaacacggctcgatgctggacatacttgaccggggtcatcctagggaaaacactatcctctgagatcccagatcatgagtttttcacagcatatggtcctgattatgtgctggaaatcacgccaagctgccggccagaccgcaatgagccccaccgaatccaacaaatcctcaactacatcaaagccatttactgagcacctactatgagtgaggcactgtgcaagactt,-,-1
Zfp874a,agccggagcggcgcggcagcggcaggaccgccgtggcgcctagagtagcgacccggggggagcgcggggcgacgctggctgcagggacccggtgacagcgtgagaggttcgcagaccaggcatggtggtgtgttcctgtagtcccagctactcgggaggctgagcaggagaatcgctggaacctggcaggcagaacttgcagtgagctgagatcgtgccactgcactccagcctaggcgacagagtgagactccgtctcaaacaacaacaacaacaaaagctcctcgatggaaccatttgatagtgacaaggattgaagaatgtaggagccttttattctcatgtaatgcccccaccctggaatccttgaagaccttctgtctattgttcatatactgaaattttataatgataagccttggtactaggttttgacaagcttgcatcatgcgtgagtataagctagtcgttcttggctca,-,-1
Zfp874b,agcctggactgagctgctcctgagtttcatggactacccatgggaccttgaattcacctgccacctctgcctcctgagggtgttaggggccctgggatccacgtgtctacttgaagacagctacaggagacaaagtttgcagtaggcctcgaaccaacatcccgggtaaccgggtggctgaaggacaggtgacgtgtccctacctcccccccttccctgcccgaggctccggcatccaccgtcttgccttcctgctcttcaagcaggaccagccgattgacttctctgaggacgcacgcccctcaccctgctatcagctggcccagcggaccttccgcacttttgatttctacaagaaacaccaagaaaccatgactccagccggcttgtccttcttccagtgccgctgggatgactccgtcacctacatcttccaccagcttctg,-,-1
FUCA2,agcgagcccggcacccagctgtcgtccacttgcatttagtgtagctgccacccagcaattaacgcgcctgggctctcctttggaaaccgagcagagaagaacaataccacagcgagttcgcctggacccgaaagcaggtccttgaaaaggatgcaagaaaaaaggaaaaaaaaaaaatccacagcagcctgcagtgattgaagttcaatggcgtactctattatcttctcctgtatgtttaaataaacccc,-,-1
FUCA2_1,aggggtgtagcccccgtgccaccttagtgattccttcaggccatcatttgtgcagtgttagaggttgggggcctacatagtcacctagtcctggtacggggctgatgttgacgtcaaccaccacctgactcctgatgtccagcctcgattctcccggcggctcacctccttggtggtctgccccttgtacatcagcgcagcctaccacaacctccagtgcttccggctgctcctcctggctggcgcgaaccctgacttcaactgcaatggtcctgtcaacacacagggattctacaggggctcccctgggtgcgtcatggatgctgttctgcgccacggctgtgaggcagccttcgtgagcctgctggtagaatttggagccaacctgaatctagtgaagtgggaatcgctgggcccagagtcgagaggaagaagaaaagtggaccctgaggccttgcaggtctttaaagaggccagaagtgttcccagaacc,-,-1
FUCA2_2,agtaaatcaatctcaggaaactttggttttctgtctttcccccttgttttgtaggcatgtcagcttctcttgcagcagcagcaacagcagcagttgttacagaaccagagaaagatttctcaagctgtacgccaacagcaagagcagcagctggctcgaatggtgagtgcactgcagcagcagcagcagcagcagcagaggcagccaggcatgaagcactcgccctctcatcctgttgggcccaagccgcatctggacaacatggtacccaacgcattgaatgtggggctcccagaccttcaaaccaaagggccaatacctggatatggttctggtaagttgttggtagagaaaattacctttttagaaatctacctctctaggcctgtggtaggggttgcacctgcattaccctccttttttatgtcagctgtacaaggtaggtaaatattcttatccctggtttacagatgagacatctgaggcttcttgagtt,-,-1
TMEM176A,agtccagcttttgcctccaaaatgtgcagcatggggcagggcagtgtgagggctatgatgcggaatgatggctgtttgctttgggatcctggcagatgctggatctctttacagatgggagcgaaagaggcccacacttaatgtgcagctgaatgccggccagctgcagtatatccgcttagcccagcctgtATCAGGCACTCAAgttgtgcagggacagatccagacacttgccaccaatgctcaacaggggcaaagaaatgc,ATCAGGCACTCAA,192
TMEM176A_1,agtctgagaggcgtggagaattttgcttgtgcaagattatttcagagcaaggtcgtgcggtgtgtgtagaagatgaacagactagccactttgcattgactggaaacaatggcatttacagaaagagtcaacagcagtggcaacagtttgtacaatgacgacagaaacctgcttcgaattagagagaaggaaagacgcaaccaggaagcccaccaagagaaagaggcatttcctgaaaagattcccctttttggagagccctacaagacagcaaaaggtgatgagctgtctagtcgaatacagaacatgttgggaaactacgaagaagtgaaggagttccttAGTActaagtctcacactcatcgcctggatgcttctgaaaataggttgggaaagccgaaatatcctttaattcctgacaaagggagcagcattccatccagctccttccacactagtgtcc,AGTA,342
TMEM176A_2,agtgatgctgtccactcggattgggtcaggctcttttggaactgtttataagggtaaatggcacggagatgttgcagtaaagatcctaaaggttgtcgacccaaccccagagcaattccaggccttcaggaatgaggtggctgttctgcgcaaaacacggcatgtgaacattctgcttttcatggggtacatgacaaaggacaacctggcaattgtgacccagtggtgcgagggcagcagcctctacaaacacctgcatgtccaggagaccaagtttcagatgttccagctaattgacattgcccggcagacggctcagggaatggagtgagtagatggtctgatgcctctctgggacccaggcatcaaatttgtccctaaattggaaccaggatcaggaaaagccttctagtccattaagcgattctgtgatatctttgcacaagcctctggcctgggctggaggggccaattatcaggaatg,-,-1
TMEM176A_3,agttgtcgagatgtccacagaaggaggatttggtggtactagcagcagtgatgcccagcaaagcctacagtcgttctggcctcgggtcatggaagaaatccggaatttaacagtgaaagacttccgagtgcaggaactcccactggctcgtattaagaagattatgaaactggatgaagatgtgaagatgatcagtgcagaagcgcctgtactctttgccaaggcagcccagatttttatcacagagttgactcttcgagcctggattcacacagaagataacaagcgccggactctacagagaaatgatatcgccatggcaattacaaaatttgatcagtttgattttctcatcgatattgttccaagagatgaactgaaacctccaaagcgtcaggaggtgcgccagtctgtaactcctgccgagccagtc,-,-1
TMEM176A_4,atacaatgatgataacatagttcagcagactaacgctgatgagcaatattaagtctttcgctcctatctgatgtatctggcggtaacattctagtttatgccccgaaaaggggaatatagccattctataatgtttggagattttggattactcctaattgtatgcaagttgtcttactgtgtattgtcccttaatttcaggactcagaattcatgattgaagaaatgcaggcagacctgttatcctaaactagggtttttaatgaccacaacaagcaagcatgcagcttactgcttgaaagggtcttgcctcacccaagctagagtgcagtggcctttgaagcttactacagcctcaaacttctgggctCAAGTGATCCTCAGCCTCccagtggtctttgtagactgcctgatggagtctcat,CAAGTGATCCTCAGCCTC,370
TMEM176A_5,atcgagcctgcgtgctgccgaagcagggcgccgagtccatgcgaactgccatctgatccgctcttatcaatgaagcagccgatcatggcggatggcccccggtgcaagaggcgcaaacaagccaatcccaggaggaaaaacgcaaagacaaaccacctaaatagagagattaattccacatcagtgcaacattaaaagggagagaggatgccaagaatcccattaatttgggatataagtgtctgaaatttcctcaaaacatttacgccaaggaataccaacaagacaatatcaagcagctctccctaaggatagagaggcatgttaaaactgtataaccaacagaaccaTttaaaaggaagaaaaacatcacccaagttccgtgtctgaatgaaggctgtcttctcaaatgctcctcattactccagagcagttatatttggattataattaaaacgaggcttcttttttttc,T,350
TMEM176A_6,atgaactttctgctgtcttgggtgcattggagccttgccttgctgctctacctccaccatgccaagtggtcccaggctgcacccatggcagaaggaggagggcagaatcATcacgaagtggtgaagttcatggatgtctatcagcgcagctactgccatccaatcgagaccctggtggacatcttccaggagtaccctgatgagatcgagtacatcttcaagccatcctgtgtgcccctgatgcgatgcgggggctgctgcaatgacgagggcctggagtgtgtgcccactgaggagtccaacatcaccatgcagattatgcggatcaaacctcaccaaggccagcacataggagagatgagcttcctacagcacaacaaatgtgaatgcagatgtgacaagccgaggcggtga,AT,109
TMEM176A_7,atgaactttctgctgtcttgggtgcattggagccttgccttgctgctctacctccaccatgccaagtggtcccaggctgcacccatggcagaaggaggagggcagaatcatcacgaagtggtgaagttcatggatgtctatcagcgcagctactgccatccaatcgagaccctggtggacatcttccaggagtaccctgatgagatcgagtacatcttcaagccatcctgtgtgcccctgatgcgatgcgggggctgctgcaatgacgagggcctggagtgtgtgcccactgaggagtccaacatcaccatgcaggtgggcatctttgggaagtggggcaagggggggatagggaggggggtaacactttgggaacaggtggtcccaggtcgtttcctggctagatttgccttgtctggctcctgcccctgagttgcacaggggaggtatggtggggtcttgccttctgtggaga,-,-1
TMEM176A_8,atgattaggccacaatcttcaatgagtaaacatattcctcaattctgtggtgttcttggtcacacatttatggagtttctgaagggcagtggagattactgccaggcacagcacgacctctatgcagacaagtga,-,-1
TMEM176A_9,atgctcgcttaggcagcacatatactaaaactggaataatactgggaagatgagcatggcacctgcgcaaggatgacacacaaactagtgaagacttccatattttt,-,-1
TMEM176A_10,atgctcgctttggaagcacatatactaatattggaccgatacagagaagattagcgtggcccctgctcaaggatgacatgcaaatctgtgaagcgttccattaaaaa,-,-1
AK2,atgctggcatcagcagtacatatagtaaaattgaaacaactttgagaagatcagcatggcccctgcacgaggatgacacacagatctgtgaagtgttgtatatttct,-,-1
AK2_1,atgcttgcctcagtagcacacatacttaagttggaacaatagagagattggcacggcctctgtgaaagaatgacatgcaaatttgtgaagcattccatattttt,-,-1
AK2_2,atgcttgcctcagtagcacacatacttaagttggaacaatagagagattggcacggcctctgtgaaagaatgacatgcaaatttgtgaagcattccatattttt,-,-1
AK2_3,atgcttgcctcagtagcacacatacttaagttggaacaatagagagattggcacggcctctgtgaaagaatgacatgcaaatttgtgaagcattccatattttt,-,-1
AK2_4,atgcttgcctcagtagcacacatacttaagttggaacaatagagagattggcacggcctctgtgaaagaatgacatgcaaatttgtgaagcattccatattttt,-,-1
AK2_5,atgcttgcctcagtagcacacatacttaagttggaacaatagagagattggcatggcctctgtgaaagaatgacatgcaaatttgtgaagcattccatattttt,-,-1
AK2_6,atgcttgcctcggcagcacatatactaaaattggaacgatacagagaaaactagcatggcccctgcgcaagaatgacacgcaaattcgtgaagtgttccatatttaa,-,-1
AK2_7,atgcttgcctcggcagcacatatactaaaattggaacgatacagagaaaactagcatggcccctgcgcaagaatgacacgcaaattcgtgaagtgttccatatttaa,-,-1
AK2_8,atgcttgcctcggcagcacatatactaaaattggaacgatacagagaaaactagcatggcccctgcgcaagaatgacacgcaaattcgtgaagtgttccatatttaa,-,-1
AK2_9,atgcttgcctcggcagcacatatactaaaattggaacgatacagagaaaactagcatggcccctgcgcaagaatgacacgcaaattcgtgaagtgttccatatttaa,-,-1
AK2_10,atgcttgcctcggcagcacatatactaaaattggaacgatacagagaaaactagcatggcccctgcgcaagaatgacacgcaaattcgtgaagtgttccatatttaa,-,-1
AK2_11,atgcttgcctcggcagcacatatactaaaattggaacgatacagagaaaactagcatggcccctgcgcaagaatgacacgcaaattcgtgaagtgttccatatttaa,-,-1
AK2_12,atgcttgcctcggcagcacatatactaaaattggaacgatacagagaaaactagcatggcccctgcgcaagaatgacacgcaaattcgtgaagtgttccatatttaa,-,-1
JARID2,atgcttgcctcggcagcacatatactaaaattggaacgatacagagaaaactagcatggcccctgcgcaagaatgacacgcaaattcgtgaagtgttccatatttaa,-,-1
JARID2_1,atgcttgcctcggcagcacatatactaaaattggaacgatacagagaaaactagcatggcccctgcgcaagaatgacacgcaaattcgtgaagtgttccatatttaa,-,-1
JARID2_2,atgcttgcctcggcagcacatatactaaaattggaacgatacagagaaaactagcatggcccctgcgcaagaatgacacgcaaattcgtgaagtgttccatatttaa,-,-1
TBC1D23,atgcttgcctcggcagcacatatactaaaattggaacgatacagagaaaactagcatggcccctgcgcaagaatgacacgcaaattcgtgaagtgttccatatttaa,-,-1
TBC1D23_1,atgcttgcctcggcagcacatatactaaaattggaacgatacagagaaaactagcatggcccctgcgcaagaatgacacgcaaattcgtgaagtgttccatatttaa,-,-1
TBC1D23_2,atgcttgcctcggcagcacatatactaaaattggaacgatacagagaaaactagcatggcccctgcgcaagaatgacacgcaaattcgtgaagtgttccatatttaa,-,-1
TBC1D23_3,atgcttgcctcggcagcacatatactaaaattggaacgatacagagaaaactagcatggcccctgcgcaagaatgacacgcaaattcgtgaagtgttccatatttaa,-,-1
TBC1D23_4,atgcttgcctcggcagcacatatactaaaattggaacgatacagagaaaactagcatggcccctgcgcaagaatgacacgcaaattcgtgaagtgttccatatttaa,-,-1
TBC1D23_5,atgcttgcctcggcagcacatatactaaaattggaacgatacagagaaaactagcatggcccctgcgcaagaatgacacgcaaattcgtgaagtgttccatatttaa,-,-1
TBC1D23_6,atgcttgcctcggcagcacatatactaaaattggaacgatacagagaaaactagcatggcccctgcgcaagaatgacacgcaaattcgtgaagtgttccatatttaa,-,-1
TBC1D23_7,atgcttgcctcggcagcacatatactaaaattggaacgatacagagaaaactagcatggcccctgcgcaagaatgacacgcaaattcgtgaagtgttccatatttaa,-,-1
TBC1D23_8,atgcttgcctcggcagcacatatactaaaattggaacgatacagagaaaactagcatggcccctgcgcaagaatgacacgcaaattcgtgaagtgttccatatttaa,-,-1
VCAN_1,atgcttgcctcggcagcacatatactaaaattggaacgatacagagaaaactagcatggcccctgcgcaagaatgacacgcaaattcgtgaagtgttccatatttaa,-,-1
VCAN_2,atgcttgcctcggcagcacatatactaaaattggaacgatacagagaaaactagcatggcccctgcgcaagaatgacacgcaaattcgtgaagtgttccatatttaa,-,-1
VCAN_3,atgcttgcctcggcagcacatatactaaaattggaacgatacagagaaaactagcatggcccctgcgcaagaatgacacgcaaattcgtgaagtgttccatatttaa,-,-1
VCAN_4,atgcttgcctcggcagcacatatactaaaattggaacgatacagagaaaactagcatggcccctgcgcaagaatgacacgcaaattcgtgaagtgttccatatttaa,-,-1
VCAN_5,atgcttgcctcggcagcacatatactaaaattggaacgatacagagaaaactagcatggcccctgcgcaagaatgacacgcaaattcgtgaagtgttccatatttaa,-,-1
VCAN_6,atgcttgcctcggcagcacatatactaaaattggaacgatacagagaaaactagcatggcccctgcgcaagaatgacacgcaaattcgtgaagtgttccatatttta,-,-1
VCAN_7,atgcttgtttcagcagcgtatattctaagattggatcaacacagagcagataagcatggctgctgcctaaggatggcacacaaattcagcaagcattccacattttg,-,-1
VCAN_8,atggcagcacatccactaaaattgaaacaatatagagaagatcagcatgatccctgcacatgggtgacacacaaatttgtgaggtgttctatatttct,-,-1
VCAN_9,atggcgatgagcccaggtcctttgttcttggtcttcctgttgggtctggttgtgatccctcccactctgtctcaggatgactccaggtacacaaaattcctgactcagcactatgatgccaagccaaaaggccgggacgacagatactgcgaaagtatgatggtgaaaagaaagctaacctctttctgcaaagatgtcaacacctttatccatgacaccaagaacaacatcaaggccatctgtggaaagaaaggaagcccttatggacgaaatttaagaataagcaagtctcacttccaggtcaccacttgcacacacaaaggaaggtctccccggcctccatgcaggtaccgagcctctaaagggttcagatatattattattggctgtgagaatggctggcctgtccactttgatgagtcttttatcagtccatag,-,-1
VCAN_10,atggtcctccacatccccagagtcccaccatgaatgaatttctcactcattattctctgatctacagggtgagcctggcagccctggtgaaaatggagctcctggtcagatggtgagtgtgcccagttccagagggcagggatggggcaggaggcaggggcaagatggaggcctgggggaacaaggctgtctcccatctcatctgacttctcttggtttggttgtcagggcccccgtggcctgcctggtgagagaggtcgccctggagcccctggccctgctggtgctcgtggaaatgatggtgctactggtgctgccgggccccctgtgagtgtggcctgtaggcctcagggcctgggagtggggaggggtctcagtatctgctcttggggctgacaatggg,-,-1
VCAN_11,attcagccggcggttcggggcgacggactctccattccagaaccatggcccaatttgtccgtaaccttgtggagaagaccccggcgctggtgaacgctgctgtgacttactcgaagcctcgattggccacattttggaagctgtgctgaatggtttggtggccactgaggtgttgatgtggttttatgtcggagagattataggcaagcggggcatcattggctatgatgtttgaagaccaatctttaacatctgattatatttgatttattatttgagtgttgttggaccatgtgtgatcagactgctatctgaataaaataagatttgtcaaaa,-,-1
VCAN_12,atttgagctatttcgaaactatttttttctctagaattaagtgctgagaatccatattgagactggttcgtgtaggtttccctgtgttgacttgagaacacatggcttttgaacttgattacaatttgggggtctttgaatcttgattacttagctatttttcctcctgctttgttgaagtattgctggatattagtttgtaaagttgttaaaatctgtgtgtcttatttttgatacattagcttttttgtgtatattaaggtagttttatgtacattgaaaaaatgaacatgtattttaatttttctaccagcaagttgaagtagatgcacaacagtgtatgcttgaaatcttggatactgcaggaacggagcaatttacagcaatgagggatttatacatgaaaaatggacaaggatttgcattagtttattccatcacagcacagtccacatttaacgatttacaagacctgaga,-,-1
LIMA1,caactcctttctctgggcctcaggttccccaagggcaactcagggtgatggctgtttccagaagcctgtacggggtgcctgctggggcggggcccacagggctcctggcggggcagaggTGgggggtgccagccacgcccctgccctgctccccgcaaaagcacctgtgtgctcggggcagggggcggctgccgcaagggtgggacccgcgggttccgaggctttcctggtggtggagacgcgccgaggccgtttccactccaagccccttttccaggtggtgagccggctgggcctggactccctgtgccccttcagccctaaggagcggatcatcgagtacctggtccctgagcgcgggcctgagcgaggcctgggcagcaagtccctgcgcgccttcgtgggggaggtgggtgcccgctctgcggcccccgggggcggctcggtggcggcggccg,TG,119
LIMA1_1,caattttggcttttgttgccattgctttggaacaatacagagaagattagcatggcccctgcgcaaggatgacatgcaaatttgtgaagagttccatattttt,-,-1
LIMA1_2,cacaagttgggtagcctggcagtgtcagaagtctgaacccagcatagtggtcagcaggcaggacgaatcacactgaatgcaaaccacagggtttcgcagcgtggtgagcatcaccaacccacagccaaggcggcgctggctttttttttttttttaatctttaacaaTttgaatatttgtttttacaaaggtaaaagaaatcattgagtcccccgccttcagaagagggtgcattttcaggaggaagcgatggcttcagacagcatatttgagtcatttccttcgtacccacagtgcttcatgagagaatgcatacttggaatgaatccttctagagacgtccacg,T,167
LIMA1_3,caccgaaggcttaaagtaggacaaccatggagccttcctgtggcaggagagacaacaaagcgctattatcctaagcttttccagaagcctgttaaaagcaaggtctccccacaagcaacttctctgccacatcgccaccccgtgccttttgatctagcacagacccttcacccctcacctcgatgcagccagtagcttggatccttgtgggcatgatccataatcggtttcaaggtaatagcctgcagctggtgttttgagaagccctactgctgaaaacttaacaattttgtgtaataaaaatggagaagctctaaa,-,-1
LIMA1_4,cactctccaccccgcccggctgctgTccgtctctgtggggtggggtgggggtcgcatagccaacgtgttctgaatgggtttcccagaatgaattctaatcttaaatgggactgtcacaactttattttgaatttaggtggtgagccggctgggcctggactccctgtgccccttcagccctaaggagcggatcatcgagtacctggtccctgagcgcgggcctgagcgaggcctgggcagcaagtccctgcgcgccttcgtgggggaggtgggtgcccgctctgcggcccccgggggcggctcggtggcggcggccgc,T,25
LIMA1_5,cagcacaaaggcccttgccagatgtgagccccttgatattggatttcccagtcttcagaactgtcgaaaagcccaggaatgttctagaatatatgattggcgaggaccctcactggtgccatccacatcttctcttcaggactgggaacgttggcagctgatgatcctctgggaagttccttgatacctgatgccaagtcctgaggtttttggaagtgctgcagtggaaattaggttcttcttggctttcccagtttagcatttggccttctcagattcacaagatcaattatcattacgtagacactcacattctctttgtccttgtgagtttatctctttactgtaattttagcagcatagagaggaagtaagaatgaatctatgttgagaatttacaagaacctcttaattttttacttcagaagggtgagctttatggtacatgagttatatctcaataaaaaacattttaaaaat,-,-1
LIMA1_6,cagcacacctgtgaccagtatgtacacaaccaccctcatgcctcctacccccgaggttcctagagctaggctctcctgaggcaatgctttccttctcaattcatattcTtccaggagggGcaccaacgttttttaaaatgatgttggcgacgaggacggtaaattttctagatgactgaaggctgactttcccctttctgtgactctctaggcaacaccgtgacaggagagacgactcccttttctcctcttgtggccacttctgaatctgtgaccgaaatcacagccagtagctttgtggtctcctgggtctcagcttccgacaccgtgtcgggattccgggtggaatatgagctgagtgaggagggagatgagccacagtacctggatcttccaagcacagccacttctgtgaacatccctgacctgcttcctggccgaaaatacattgtaaatgtctatcagatatctgaggatggggagcagagtttgatcc,TG,108
LIMA1_7,caggaggagcaagtccgatggagaggctaagcgttcaagagaccctcctgcctcagcctcccaagtaactgggattagagagtcttgctctatcgcccaggatagagtgcaatggcgcgatctcggctcactgcaacctccgcctcccagtttcaagcgattctcctgcctcagcctcccaactgaaccttcacctagccccaggattacaaggaaaagcaccaggcaaac,-,-1
LIMA1_8,cagttgctggcctagactcacttcttcaggagggaggttcgccctggaaaagctgatttgcatttctgctgggatcgatgccgtggagactgaatacattgaggtctccaggtgaaagaagaaagcttaacctggcttctgaattccaagagcacacggcaaagtgggtctaaatcaacgtctggttatgaagggcctagagccagataggagcttcttacagcttttggcagtttctggtggaggccagctctccttgtcatctaccttggcctgagaagcctgttcccctctgcagaggatgagctcagggctacacctttccttccaggctctcatggtgtggtccaggctccatttctttctctttgaacctcacttcaacatgattagagtgactgaaggtaaagaaataggaactgttttaccgtaaataaattagtccctgctaca,-,-1
LIMA1_9,ccagctgagtgataaaggctgagtgttgaggaaatttctgcagttttaagcagtcgtatttgtgattgaagctgagtacattttgctggtgtatttttaggaacactcagcagacacacgtatgcgaagggc,-,-1
LIMA1_10,cccacctcggcctcccaaagtgctgggattacaggcatgagccactgctcccggccacttatttattagtcacttaatcattaatagtgctgttgatagcaactcttcccaaagtcacttgaagggaaattggggtgtcttcaccttcagaagtggtgacctggctccccagtgcctgacaccactccctgctccccatgccagggccgagccacgtgtccatgcagcagacggcgcctaacacgctgcccaccacctccatgagcatctctgggcccggctacagccacgcgggacccgcctcgcagggcgtccccatgcaggggcaaggcaccatcggcaactacgtgtctcggaccaacatcaacatgcagtccaacccagtctccatgatgcagcagcaggcggccacgtcgcactacagctcggcgcagggcggcagccagcactaccagg,-,-1
LIMA1_11,ccgcgagcttacaccggcttctctctgtcctcagcccgcgcgccgccatcgccgtcatgctgggcgccgctctccgccgctgcgctgtggccgcaaccacccgggccgaccctcgaggcctcctgcactccgcccggacccccggccccgccgtggctatccagtcagttcgctgctattcccatgggtcacaggagacagatgaggagtttgatgctcgctgggtaacatacttcaacaagccagatatagatgcctgggaattgcgtaaagatgggcttccccaaggatttattgacattgctacttgagtgtgaacagttacctggaaatactgatgataacatattaccttatttgaacaagttttcctttattgagtaccaagccatgtaatggtaacttggactttaataaaagggaaatgagtttgaactgaaa,-,-1
LIMA1_12,ccgggtggccggcgggtgccagccgccatggaggccgtgccccgcatgcccatgatctggctggacctgaaggaggccggtgactttcacttccagccagctgtgaagaagtttgtcctgaagaattatggagagaacccagaagcctacaatgaagaactgaagaagctggagttgctcagacaggtaggaggatagtattatctttttatgcatgggtagacaggattggtttgatagggagataaagaaactgccta,-,-1
LIMA1_13,cctctgcccctaccacagcgaccggcagcttatgagccaggtggccgtggctGGACTGCTCactgtgcttgtctctttcctggatgttcgaaacattattctaggcaaatcacactatgtattgtatgggctggtggctgccatgcagccccgaatgctggttacgtttgatgaggagctgcggccattgccagtgtctgtccgtgtgggccaggtgagaggctgagtagaggggagggctcaggctgtattctcaaactggagaatgtacatatacttgctttgctgaaactggcgtgggcggtggcttgtcgctacttttccatctctcttttcaattttcttaccctacaggcagtggatgtggtggg,GGACTGCTC,52
LIMA1_14,cgcacagacatcccaaatcccggattgggcctgaggaacatctctgcaaagagcgccaggagggcgtgggggtcccgcctctctcgccagggaccagggagtggacactcactggtccagtcatgaggaactcagcatcctcctgacgggaggcgcctctttcccagaagcgtacaatcatgtttgaaattaagaagatctgttgcatcggtgcaggctatgttggaggacccacatgtagtgtcattgctcatatgtgtcctgaaatcagggtaacggttgttgatgtcaatgaatcaagaatcaatgcgtggaattctcctacacttcctatttatgagccaggactaaaagaagtggtagaatcctgtcgaggaaaaaatctttttttttctaccaatattgatgatgccatcaaagaagctgatcttgt,-,-1
LIMA1_15,cgctgtggccggccctgcaggaactggcccggtgtgggaacctggcctgccggtcagacctccaggtggcggccaaagccctggagatgggcgtgtttggcgcatatttcaacgtgctcatcaacctgagggacatcacagacgaggcatttaaggaccagcctcctgcaggaagccaagacccaggctgcactggtgctggactgcttggagacccggcaggagtgacggtgcgggaggcctctccgggctctgtggcccctccctcgcccatccccagagggcagagctgtgacctcggtggggacacagcttgttcgtgtggggcccggagggtaggtgggcaggcagcggggcatcgcctgggaatggaggcgctggcagggacagaaggcccctagtcccatgtgacctccagtaaagttttggcaccaaa,-,-1
ZC3H15,cggtgtttgagaagaagaaatttcctgttttaaggttttcatttacattttcaggattattctatatttttcagattcacagagttcaacagcgtgttacaattaagaaagctttgactctaaaatatggagaagagcttgctcgggcaaaggcagtggccagtaaagaaataggaaaacgtaaactggaacaagatcgctttgggccaaacaaaatgatgagactggacagttctccagtatcaagtccaagaaagcattcagcagaactaattgctatggagaaaagacggttacaaaagctagaatatgaatatgccctgaaaattcaaaaattaaaagaagcccgtgcccttaaagcaaaggaacaacaaaatatctctccagttgtggaagaggaacccgaattttctttacctcaaccctcacttcatgatctgacacaagataaattaaccctggacactgaagaaaatgatgttgatgatgaaattttgt,-,-1
ZC3H15_1,ctgccctcatcttggcctgcttcagggagaaacctccatttttctccgcaaagaatgtcgaccctaacccctaccctgagaccagcgctggctttctctcccgcctgtttttctggtggttcacaaagtgagttggctcttccaccagccaggccagagggaggggagggatggaaggatggccatctatggctaccggcatcccctggaggagaaggacctctggtccctaaaggaagaggacagatcccagatggtggtgcagcagctgctggaggcatggaggaagcaggaaaagcagacggcacgcatcctgatcaggtttatctccaaccccatggccccctcctggtggggcttcctggtggctgggctgatgttcctgtgctccatgatgcagtcgctgatcttacaacactattaccactacatctttgtgactggggtgaagtttcgtactgggatcatgggtgtcatctacagg,-,-1
ZC3H15_2,ctgcttgtctcagcagcacatataccaaaattgaatcaatacagagaagattagcatgctccctgcacagtgatgacatgcaaattcttaaagtgttccatattttt,-,-1
ZC3H15_3,ctgcttgtctcagcagcacatataccaaaattgaatcaatacagagaagattagcatgctccctgcacagtgatgacatgcaaattcttaaagtgttccatattttt,-,-1
ZC3H15_4,ctgcttgtctcagcagcacatataccaaaattgaatcaatacagagaagattagcatgctccctgcacagtgatgacatgcaaattcttaaagtgttccatattttt,-,-1
ZC3H15_5,ctgcttgtctcagcagcacatataccaaaattgaatcaatacagagaagattagcatgctccctgcacagtgatgacatgcaaattcttaaagtgttccatattttt,-,-1
ZC3H15_6,cttgcttcggcggcgcatattaaaattggaacaatacagagaagattagcatggcctctgcagaggggtgacacgccaattcatgaagtgttccatatgttt,-,-1
ZC3H15_7,gaaaaagaggaacaggtggctgaatttcagaagcaaaaagaggtgctactgtccttatttgatgagaaacgtcatgaacatctccttagtaaaggtgaaagacggctgtcatacagagcacttcagggagcattgatgatatatttttacagggaagagcctaggttccaggtgccttttcagttgctgacttctcttatggacatagattcactgatgaccaaatggagatataaccatgtgtgcatggtgcacagaatgctgggcagcaaagctggcaccggtggttcctcaggctatcactacctgcgatcaactgtgagataaatggacaaatggatacatcgggaaaCTgaaaaacttctgtggtcccttgaaa,CT,352
ZC3H15_8,gaaaaagaggaacaggtggctgaatttcagaagcaaaaagaggtgctactgtccttatttgatgagaaacgtcatgaacatctccttagtaaaggtgaaagacggctgtcatacagagcacttcagggagcattgatgatatatttttacagggaagagcctaggttccaggtgccttttcagttgctgacttctcttatggacatagattcactgatgaccaaatggagatataaccatgtgtgcatggtgcacagaatgctgggcagcaaagctggcaccggtggttcctcaggctatcactacctgcgatcaactgtgagataaatggacaaatggatacatcgggaaaCTgaaaaacttctgtggtcccttgaaa,CT,352
ASB1,gaaccaaccggtgagccctctcctaagagacccaggggaagacccaaaggcagcaaaaacaagagtccctctaaagcagctcaaaagaaagcagaagccactggagaaaaacggccaagaggcagacctaggaaatggtggttgctaatgaagagcccgtgctggtgaaggaagcctgctgatcccggaactggccttgcgcgcaagtggtgggatgacagacacattcccttccttgaactgcactcttttcccttgcactcagaggtggcccgagagagccccgccacaacaagttgttcagaagaagcctGCTcAggaggaaactgaagagacatcctcacaagagtctgccgaagaggactagggggcgccaacgttcgatttctacctcagcagcagttggatcttttgaagggagaagacactgcagtgaccacttattctgtattgccatggtctttccactttcatctggggtgggg,GCTA,313
ASB1_1,gactaaaaccagcaaaggtcctttccagtctcagaaaaagaacttattccacaaaattgtcagcaaatataagcacaaaaaggagaagcccaatgttccggaaaaaggaagtggggataaatggtcaaacaagcaactcttcttggatgccattcaccctacagaagagccaacaacaacgcaagaacctttggtgggcagccaaaagagaaaagcaaggaaaaccaagattacacac,-,-1
ASB1_2,gagacgggctgggccgggaacgggaggggcctggagaagcagccctgctcactccctcctctggccacccaggttggggcctctctcttcgccagcaacatcggcagtggccactttgtgggcctggcagggactggcgctgcaagtggcttggctgttgctggattcgagtggaatgcgctcttcgtggtgctgctactgggctggctgtttgcacccgtgtacctgacagcgggggtcatcacgatgccacagtacctgcgcaagcgcttcggcggccgccgcatccgcctctacctgtctgtgctctcccttttcctgtacatcttcaccaagatctcagtggacatgttctccggagctgtattcatccagcaggctctgggctggaacatctatgcctccgtcatcgcgcttctgggcatcaccatgatttacacggtgacagg,-,-1
ASB1_3,gaggaactccccacctccagccgcagcagcactctctgccagcctccctctgaacaggacaccgagccagttatgtcttcttacttagcgatgtgattctctggccttctcagtgatgcagatcgtgctggggatcttgagtgcagtcctaggaggatttttctacatccgcgactacaccctcctcgtcacctcgggagctgccatctggacaggggctgtggctgtgctggctggagctgctgccttcatttacgagaaacggggtggtacatactgggccctgctgaggactctgctaacgctggcagctttctccacagccatcgctgccctcaaactttggaatgaagatttccgatatggctactcttattacaacagtgcctgccgcatctccagctcgagtgactggaacactccagcccccactcagagtccagaagaagtcagaaggctacacctatgt,-,-1
ASB1_4,gaggtaggagtcgactcctgtgaggtatggtgctgggtgcagatgcagtgtgGCTCTGGAtagcaccttatggacagttgtgtccccaaggaaggatgagaatagctactgaagtcctaaagagcaagcctaactcaagccattggcacacaggtatggagagtcggcttgactacactgtgtggagcaagttttaaagaagcaaaggactcagaattcatgattgaagaaatgcaggcagacctgttatcctaaactagggtttttaatgaccacaacaagcaagcatgcagcttactgcttgaaagggtcttgcctcacccaagctagagtgcagtggcctttgaagcttactacagcctcaaacttctgggctcaagtgatcctcagcctcccagtggtctttgtagactgcctgatggagtctcatggcacaagaagattaaaacagtgtctccaattttaataaatttttgcaatcca,GCTCTGGA,52
ASB1_5,gagtccgaaaaaagccagatctggaaggtggctgcggaacggttttaagcggaagatggaggagccggaggaaccggcggacagtgggcagtcgctggtcccggtttatatctatagtcccgagtatgtcagtatgtgtgactccctggccaagatccccaaacgggccagtatggtgcattctttgattgaagcatatgcactgcataagcagatgaggtaagttgtctttcttgaacatagccctgaagctaggtgttcgtagccttaatatcctgcttcacagtggggcaaggaaaagaatggtcttttgaaaaaattattttagct,-,-1
ASB1_6,gattataagcgtgagccaccatgcctgggcccttcgtctctaaactcatttcttcacctgtaaaactgggataatggcaccacatgccttactcagcgtgaggtggactgtgacagtcacgtgggagaaggagcgggagaggcctagcagctgtggcgtcccccagaaccaacatcccgggtaaccgggtggctgaaggacaggtgacgtgtccctacctcccccccttccctgcccgaggctccggcatccaccgtcttgccttcctgctcttcaagcaggaccagccgattgacttctctgaggacgcacgcccctcaccctgctatcagctggcccagcggaccttccgcacttttgatttctacaagaaacaccaagaaaccatgactccagccggcttgtccttcttccagtgccgctgggatgactccgtcacctacatcttccaccagcttctggacatgcgggagccggtgtttgagttcgtgcggccgc,-,-1
ASB1_7,gcacccatggcagaaggaggagggcagaatcatcacgaagtggtgaagttcatggatgtctatcagcgcagctactgccatccaatcgagaccctggtggacatcttccaggagtaccctgatgagatcgagtacatcttcaagccatcctgtgtgcccctgatgcgatgcgggggctgctgcaatgacgagggcctggagtgtgtgcccactgaggagtccaacatcaccatgcagacgtgtaaatgttcctgcaaaaacacagactcgcgttgcaaggcgaggcagcttgagttaaacgaacgtacttgcagatgtgacaagccgaggcggtga,-,-1
ASB1_8,gcagccactccatcagccagccatgaagtctttccttgacaatgtcatgccccacactacacctgagctgcaaaaagggccatcaccaataaatgctttcagcaacttcCCTATaGgcttgaactcaaacttgaatgtaaatatggatatgaacagtattaaagagccacagtcaagactaaggaagtggacgacagtggacagcatttctgtgaacacatctttggatcaaaactccagcaaacatggtacaaaagatacatcttaccaaaaaaa,CCTATG,109
NFYC,gcaggaactggaaccctggccgagtccgaaaaaagccagatctggaaggtggctgcggaacggttttaagcggaagatggaggagccggaggaaccggcggacagtgggcagtcgctggtcccggtttatatctatagtcccgagtatgtcagtatgtgtgactccctggccaagatccccaaacgggccagtatggtgcattctttgattgaagcatatgcactgcataagcagatgagaagctggatgagagcagtcaccagtttgtagggcaggaggcagctgacaggcagggtttgggcctcaggaccatccaggtggagccctgggagagagggtactgatcagcagactgggaggtggggagaagtccgctggtgttgttttagtgttatatatctttggtttttttaataaaatctttgaaaaccta,-,-1
NFYC_1,gcagggaatccagagggacaggcccccgctcctagctaatcagacagccatcaactagagggattgaggttagacgccggaaagaacttcctcccatgaagggagcagcacagagggaagtgggggCTgcAtgattgctagtctgggtgacttcttttaagagctgctggaatatgctgtgactttccctcaacccttctattgataaatcttggtccatagtttggggaggggggaagcctttgacacatccctaggaggaagagaggggctgtttgggataatctcaattcagtgctgagaaggggttcctctctaatcacggccagaccccaggaggaaggaccgtgctttccagcagagtggccccaggtgggttttgctcactgtctgttcctctctccctccccctcagggtgttcctggagaccttggcgcccctggcccctctggagcaagaggcgagagaggtttccctggc,CTA,126
NFYC_2,gcattagacagaaagctggaagttgaaatggtggagtccaacttgcctggaccagcttaatggttctgctcctggtaacgtttttatccatggatgacttgcttgggtatggagagtcggcttgAcTACACtgtgtggagcaagttttaaagaagcaaaggactcagaattcatgattgaagaaatgcagggtttttaatgaccacaacaagcaagcatgcagcttactgcttgaaagggtcttgcctcacccaagctagagtgcagtggcctttgaagcttactacagcctcaaacttctgggctcaagTgatcCTCagcctcccagtggtctttgtagactgcctgatggagtctcatggcacaagaagattaaaacagtgtctccaattttaataaatttttgcaatcca,ATACACTCTC,124
NFYC_3,gcccaggagttcgaggccacggtgagccaggaactcaccactgcactttagcctgagcgacaaagagataacccatatcttaaaaacaacagcaacaaaacaacaaacaaaccagatacacgtgaaacgtcagccaacagggtggtagattaatctcactggtttgggcctgggtcctgtgccatgtactcacgttttgatttttggcaagtcacataatctccttggccctcgtttttgttagtgaaaagtggagataagatctgtcccggctacttgactgagctatggaggaatcatgtgcaatttggaagtgctctggaaagtatactctggtcatcttacagaccaatgatgcgagctcagagtcaatagcatccttctctaaacaggaggtcatgagtagctttctgccagagggagggtgttacgagctgctcactgtgataggcaaaggatttgaggacctg,-,-1
NFYC_4,gccggctgtcggctggttgccggctccgagggcgatgagagtggcaggtgtgccctgctgcacaggtggcctccgaacccgggaaaagaggaactaaggcggaggaactgagacgtttcgaattccaggcgcactgcacactcgccggggggcacgccatgcaaatctccttctgggccaatgcacatggttgctgccacaggtttaccggatgctatcaaggtttcaactgcccacacagcttcttcaacgtgttcaaaatactggaatcagttaagctaaggtatgaaggtgtctgactcactcctcctgctaccaaagcatctccttcatcagccacttgtcgggcgatgtcgcaagcagcttcattgacttcctgcccctaaaatgggtgagtatatgagacatctaaattttcatgtgaaattgaaataaaattattattcaaacattca,-,-1
NFYC_5,gcgcccactttggcagcatatatactaaaattggaatgatacagagaagattagcgtggcccgtgtgtaaggatggcatgaaaattcatggtgtcccatataaaaat,-,-1
NFYC_6,gcgcccactttggcagcatatatactaaaattggaatgatacagagaagattagcgtggcccgtgtgtaaggatggcatgaaaattcatggtgtcccatataaaaat,-,-1
NFYC_7,gcgcccactttggcagcatatatactaaaattggaatgatacagagaagattagcgtggcccgtgtgtaaggatggcatgaaaattcatggtgtcccatataaaaat,-,-1
NFYC_8,gcgcccactttggcagcatatatactaaaattggaatgatacagagaagattagcgtggcccgtgtgtaaggatggcatgaaaattcatggtgtcccatataaaaat,-,-1
NFYC_9,gcgcccactttggcagcatatatactaaaattggaatgatacagagaagattagcgtggcccgtgtgtaaggatggcatgaaaattcatggtgtcccatataaaaat,-,-1
NFYC_10,gcgcccactttggcagcatatatactaaaattggaatgatacagagaagattagcgtggcccgtgtgtaaggatggcatgaaaattcatggtgtcccatataaaaat,-,-1
NFYC_11,gcggccgcagctgcacctttgcctccgcggttccgcagccgagccccgggaggaggcgctcccctgcgtcgtccgcacttgcgccctttcccaccgcaacaggtcaggggagggcggaggtgacgagggcgcccgacccgggactagaggacggaagggtctggaagatgaacagactagccactttgcattgactggaaacaatggcatttacagaaagagtcaacagcagtggcaacagatacttattgaagatctgctgtcagatgatgccttaaaatctgatagatcaaagatgacctatgggagagaatacgagaatagaaaaatgggagtccctgttctgtttaacctggcagataagcacacagccagattgtgaaacaatgtgataaacgctctagcagaagagcaaataaagtgttaaaggatcatagaaaacagcaaagtgtcacggatgaaatctttctaatgagaacc,-,-1
NFYC_12,gcggccgcccaacagggacgcgagccgggaccacgccgacccagcgtgcccaggccgaggaaagcgcggcggcggcagtccgaagacccaccgggactgaaagagaaggacgaggtcatcttcggacgggaggggcaagccagccatcctgggaccccaggcgtgcaggttctctttgagggtattccaccctgcaaaaagcatgtattcatggtcagctctcagcaaggccagtagcagagtggtaaaggccttggccctccaaggctgggaaaagacaatgacaagtcaaatccagacctatgttgtatgttggtctactaggtgactgtctcctggaaatgttatgcagctcagcaaggtgaaggtgagaatatctttgctttttgataaaacacagaatgcatagatttcacatctcactatgtgagcccccacaaaacaaaacctagaggagcatgtgagaaaaacgcatctct,-,-1
NFYC_13,gcggccgcggcggcggcggcgagagcgaaagaggaaactgcagaggaggaagctgcgccgcagcccgagccgcccggcatccccgccgcctctgcgcccgcgccgcgcccccggcgccccctccccagcgcgcccccggccgctcctccgcgccgcgctcgtcggccatggcccgggagaacggcgagagcagctcctcctggaaaaagcaagctgaagacATCaagaagatcttcgagttcaaagagaccctcggaacgattaagcatgaaaatattgttgccctggaagacatttatgaaagcccaaatcacctgtacttggtcatgcagctgtaagtaccttgtttgattgatgagttttgaaccaacttgcaaactccaatgtctaaagggatcaggtgggaaaagaagtgattgaagtgggccaggtaaggcagtagggagcagggaggcctgtgggatactagagag,ATC,221
NFYC_14,ggaaaagcttcactctgaccatcactgtcttcacaaacccaccgcaagtcgccacctaccacagagccatcaaaatcacagtggatgggccccgagaacctcgaaactctttgacctggcctcggtatcctcacatttaaaatgaggagttggcttatatgattggctggcatatttggctcatctcgaagactgtctattatagaagggcaaatggtagtgcctcattgcaggtgtgGAGCCTTtgacttgaggtatgcgtgc,GAGCCTT,238
NFYC_15,ggaaatgctggcacctgggcccagaagccaGGGCCTctaactcctggggttgatttcttcagtgaagttgcaccctacaaagggaatatggccaaagcggcactcaactgaaggctgatatcaggcgattagacagccatgcattctgcgtttgtctggaatggattgtagagagatggacttatatgaggactaccagtccccgtttgattttgatgcaggagtgaacaaaagctatctctacttgtctcctagtggaaattcatctccacccggatcacctactcttcagaaatttggtctgctgagaacagacccagtccctgaggaaggagaagatgttgctgccacgatcagtgccacagagaccctctcggaagaggagcaggaagagctaagaagagaacttgcaaaggtaaagaaccattcc,GGGCCT,30
NFYC_16,ggagtgcgagcagatccgtctgaagtgtattcggtctagcgctctcgcccaggctggaatgcagtggcgtgatcacggctcagtgcatcgtcagcctcctgggctcaagtgatcttcctgcctcggcctcccaagtgctggaattacaggcgtgagccaccgcccccagcctggcctggcatttctttgagttcaggaagtgtgacaaggatttggacacccagaaataagcgtgtcgagaagagcacaagcagaggatctgggacgatgccggagtgtgaaggagtttgagaagctgaaccgcattggagagggtacctacggcattgtgtatcgggcccgggacacccagacagatgagattgtcgcactgaagaaggtgcggatggacaaggagaaggatggcatccccatcagcagcttgcgggagatcacgctgctgctccgcctgcgtcatccgaacatcgtggagct,-,-1
NFYC_17,ggcgctgggctccatggtgggcctcatgacctacgggcggcgccaattccagtccctggacacgacgatgcggcgcctgatcccgcccttccgcgaggcttcggccaagctaaccacgctggtggatgccgacgccgaggccttcaccgcctacctgaagcttggttcccagagaactggtccctgcctgggacatgctccttgctacagccccttgtgggagctcagagggcatggctgctccccctacggtccctcgcccagtggttctgtctctttatggcaggaagcaatgaggctccccaagaacacacctgaggaaaaggacaggcgcacggcggccctacaggagggtctgaggcgggcaGtctctgtgccgctgacgctggcggagacggtggcctcgctgtggccggccctgcaggaactggcccggtgtgggaacct,G,367
NFYC_18,ggcggcagcgggtcggtgtagaaaatggcgcTGGTgcagcggctcgggcctctccccgcggcgctgcggagggcttgaggctcgcgagcctccttcgccgcgccccacttgctcgtgcactttacacacatgagagaattggaagctaaagctaccaaagacgtagaaagaaatcttagcagtgccagaacagataaagcccagtgtaagccagcctcagcctgccaactctaataacggcacttccacagcaaccagcactaataataatgccaag,TGGT,31
NFYC_19,ggcttctaaacaacctaccctccttccccattttctgtggtccaactaccctcggcgatcccaggcttggcggggcaccgcctggcctctcccgttcctttaggctgccgccgctgcctgccgccatgagttgggcctaaatgagcaccatcaaaatgaagttattaattatatgcgttttgctcgttcaaagagaggcttgagactcaaaactgtagattcctgcttccaagacctcaaggagagcaggctggtggaggacaccttcaccatagatgaagtctctgaagtcctcaatggattacaagctgtggttcatagtgaggtggaatctgagctcatcaacactgcctataccaatgtgttacttctgcgacagctgtttgcacaagctgagaagtggtatcttaagctacagacagacatctctgaacttgaaaaccg,-,-1
NFYC_20,gggattgtttaggagcacatatatgaaaattgcagtgatacagagaaagattagtatgtcttctctacaaggcatgcacattcgtggaagtctacattttgat,-,-1
NFYC_21,gggcggggcgggctcaggacccccgacagccggtccctggagatctgaggggccggggcgggctcagggatgcctcgcgcccgcggagagacgggcccgggacttgggaagagcaagctccgggatccagctcgggcgctgctgggttcagcgcccgagctgggctttgcaggctgagccgcgagccacttgtttgtggggagaatttacacccgcgacgagttcgagcttgaaggctcccgctgggcttgggctgcatggagcggggtccagcgctgcctggcggcttcacgcgaaccctgggcgcgtcccttgcggaggtgccggtgcctccctctgcagagaccaggagagagcctctgggcgttgggcggtgttgcccagctgggacgatgccggagtgtgaaggagtttgagaagctgaaccgcattggagagggtacctacggcattgtgtatcgg,-,-1
NFYC_22,gggctggggagtagtaggccagccggtgccaggctgcgtttgcaaccagcacctctcggcacacaggcagcgccgcctgagaggggcacgggcgccggggcgcgggctggagcggccccaggaaaacaacaacagagccctcacgccggcgggcggctcgtggccgcccggggagccccaaacttcatctcggcgaaagtcactatcatatgacaaaggctttgccgcagttcatcttcctccctgtgtactttccatttgccttcctggaatcctgctgcatcacagaagctggaagttctgatgttccactgaaatcacaatggaaagtcttgacttgactggtcacagtaatgaaaggcagtaatagaaataaggatcattcagcagaa,-,-1
NFYC_23,ggggattcttctctaatctttcagaaactttgtctgcgaacactctttaatggaccagatcaggatttgagcggaagaacgaatgtaactttaagaggcatttcatccttcatgaagccattcaggattttgaattgcatatgagtgcttggctcttccttctgttctaacttcacagagaatgcagttgtcttgacttcagatgcaaccttaaaatcagtgacaagaaacatt,-,-1
NFYC_24,ggggtctgtaaggtcatgcaccccgaaggcaatggacgaagcggctttctcatccatggtgaacgacagaaagacaaactggtggtattggaatgctatgtaagaaaggacttggtctacaccaaagccaatccaacgtttcatcactggaaggtcgataataggaagtttggacttactttccaaagccctgctgatgcccgagcctttgacaggggagtaaggaaagcaatcgaagaccttatagaagaagtagagaatggattctggcgggcccagaaggctcctggcctacccactgtcctcctgtaatcagaggcccagggtgtacagctgccactgaaaaggaaagggatctgtgacctctggagccctggttcggtttaggccttggtctatggcagcgagtgcagaagtttgagagattaattgggaacaacagcaggcaaagttaatttagggagcatcctggcaagaatcaattaaagaagagtaaat,-,-1
CDC42,ggtaggcattgaggcagccagcgcaggggcttctgctgagggggcaggcggagcttgaggaaaccgcagataagtttttttctctttgaaagatagagattaatacaactacttaaaaaatatagtcaataggttactaagatattgcttagcgttaagtttttaacgtaattttaatagcttaagattttaagagaaaatatgaagacttagaagagtagcatgaggaaggaaaagataaaaggtttctaaaacatgacggaggttgagatgaagcttcttcatggagtaaaaaatgcgaagaaaagaatagagaagatagggaaattagaagataaaaacatacttttagaagaaaaaagataaatttaaacctgaaaagtaggaagcagaa,-,-1
CDC42_1,ggtaggcattgaggcagccagcgcaggggcttctgctgagggggcaggcggagcttgaggaaaccgcagataagtttttttctctttgaaagatagagattaatacaactacttaaaaaatatagtcaataggttactaagatattgcttagcgttaagtttttaacgtaattttaatagcttaagattttaagagaaaatatgaagacttagaagagtagcatgaggaaggaaaagataaaaggtttctaaaacatgacggaggttgagatgaagcttcttcatggagtaaaaaatgtatttaaaagaaaattgagagaaaggactacagagccccgaattaataccaatagaagggcaatgcttttagattaaaatgaaggtgacttaaacagcttaaagtttagtttaaaagttgtaggtttctctttttcaggcttatactcatgaatcttgtctgaagcttttgagggcagactg,-,-1
CDC42_2,ggtaggcattgaggcagccagcgcaggggcttctgctgagggggcaggcggagcttgaggaaaccgcagataagtttttttctctttgaaagatagagattaatacaactacttaaaaaatatagtcaataggttactaagatattgcttagcgttaagtttttaacgtaattttaatagcttaagattttaagagaaaatatgaagacttagaagagtagcatgaggaaggaaaagataaaaggtttctaaaacatgacggagtggtaggatgaaacaatttggagaagatagaagtttgaagtggaaaactggaagacagaagtacgggaaggcgaagaaaagaatagag,-,-1
CDC42_3,ggtgatgctggtcccaaaggtgctgatggctctcctggcaaagatggcgtccgtggtctgactggccccattggtcctcctggccctgctggtgcccctggtgacaagggtgaaagtggtcccagcggccctgctggtcccactggagctcgtggtgcccccgtaagtacagaagacctgttaagaccccatacttggcccttccctcccttcacacagcacccctggccctgtctgtgccttcaccccttgcctctcccctcaccgcatccccgccttccctcctgtcagcgcatctctccaatctgactccttttcttctagggagaccgtggtgagcctggtccccccggccctgctggctttgctggcccccctgtgagtaccaagaccccc,-,-1
CDC42_4,ggtggcttccttctggatggttttcaaggaaatccaacaaccctggaggctagactacgcttgctgtcatcagtcactgcagagctgccggaggacaagccaaggctcatatctggtgttagtcggccagatgaggtgctcgagtgtattgaaagaggagtggacttatttgagagttttttcccttatcaagtaacagagcggggatgtgccctgactttcagttttgattaccagccgaatcctgaagagacacgataaattctcaggagtgaaattacagagtcaaagatcatgaaataataactaaaataaaatgtttccaatggccacttcttatctgatcatcattcaagcctttttattggtttgtccttcagtactacaacaaaatggaac,-,-1
MKRN2,ggttcggggcgacggactctccattccagaaccatggcccaatttgtccgtaaccttgtggagaagaccccggcgctggtgaacggtgagcgcgatctgctgtgacttactcgaagcctcgattggccacattttggtactacgccaaggttgagctggttcctcccacccctgctgagatccctagagctattcagagcctgaaaaaaatagtcaatagtgctcagactggtagcttcaaacagctcacagttaaggaagctgtgctgaatggtttggtggccactgaggtgttgatgtggttttatgtcggagagattataggcaagcggggcatcattggctatgatgtttgaagaccaatctttaacatctgattatatttgatttattatttgagtgttgttggaccatgtgtgatcagactgctatctgaataaaataagatttgtcaaaa,-,-1
MKRN2_1,gtaattattttaacagcacatattttaaattggatcaatacagagcagataagcatggctactgcctagggatggcacacaaattcagaaagcattccatattttg,-,-1
MKRN2_2,gtactcgctttggcagcacatatattaaaataggaatgatacagagaagatcagcacggcccctgcacaagggtgacatgcaaattcatgaagcattccatattttt,-,-1
PTPN23,gtactcgctttggcagcacatatattaaaataggaatgatacagagaagatcagcacggcccctgcacaagggtgacatgcaaattcatgaagcattccatattttt,-,-1
PTPN23_1,gtactcgctttggcagcacatatattaaaataggaatgatacagagaagatcagcacggcccctgcacaagggtgacatgcaaattcatgaagcattccatattttt,-,-1
PTPN23_2,gtacttatttcaacagcacatattttaaaattggatcaatacagagcagataagcatggctactgcctaagaatggcacgcaaattcagaaagaattccatattttg,-,-1
PTPN23_3,gtacttatttcaacagcacatattttaaaattggatcaatacagagcagataagcatggctactgcctagggatggcacacaaattcagaaaacattccatattttg,-,-1
PTPN23_4,gtacttatttcaacagcacatattttaaaattggatcaatacagagcagataagcatggctactgcctagggatggcacacaaattcagaaaacattccatattttg,-,-1
PTPN23_5,gtacttatttcaacagcacatattttaaattggatcaatacagagcagataagcatggttactgcctagggatggcacacaaattcagaaagcattccatattttg,-,-1
TPD52,gtacttgtttcagcagcacatattttaaaattggatcaatacagagcaggtaagcatggctgctgcctagggatggcacacaaattcagaaagcattccatattttg,-,-1
TPD52_1,gtagaagaagaaatccagactctgtctcaagtgttagcagcaaaagagaagcatctagcagagatcaagcggaaacttggaatcaattctctacaggaactaaaacagaacattgccaaagggtggcaagacgtgacagcaacatctgcttacaagaagacatctgaaaccttatcccaggctggacagaaggcctcagctgctttttcgtctgttggctcagtcatcaccaaaaagctggaagatgtaaaaaactccccaacttttaaatcatttgaagaaaaggtcgaaaacttaaagtctaaagtagggggaaccaagcctgctggtggtg,-,-1
TPD52_2,gtcaaagccaaaattcaagacaaggagggtatcccacctgaccagcagcgtctgatatttgccggcaaacagctggaggatggccgcactctctcagactacaacatccagaaagagtccaccctgcacctggtgttgcgcctgcgaggtggcattattgagccttctctccgccagcttgcccagaaatacaactgcgacaagatgatctgccgcaaaagtgtggtcacaccaacaacctgcgtcccaagaagaaggtcaaataaggtggttctttccttgaagggcagcctcctgcccaggccccgtggccctggagcctcaataaagtgtccctttcattgactggagcagcaa,-,-1
TPD52_3,gtcactggccgtggagacagccccgcaagcagcaagccaatttccattaattaccgaacagaaattgacaaaccatcccagatgcaagtgaccgatgttcaggacaacagcattagtgtcaagtggctgccttcaagttcccctgttactggttacagagtaaccaccactcccaaaaatggaccaggaccaacaaaaactaaaactgcaggtccagatcaaacagaaatgactattgaaggcttgcagcccacagtggagtatgtggttagtgtctatgctcagaatccaagcggagagAGTCagcctctggttcagactgcagtaaccagtacgtaaccactgcttggtttccattttcaaagtcaaattttgttcttgggt,AGTC,300
TPD52_4,gtcgctgccttaaagagtgagtttcagaagacacttaatgacaagacagaaaaccagaagtcactggaggagaatctggcgacagccaagcacgatctactcagggttcaggagcagctgcacatggctgaaaaggaattagaaaagaaatttcagcaaacagcagcttatcgaaacatgaaagagattcttaccaagaagaatgaccaaatcaaagatctgaggaaaagactggcacagtaagccacactgaTCccgcctttggatttctctctctggattgatgtttgttctctgttaaatctaagcttgttccagagaggtcaagccggtggtagttgctggatcatttagtccagaagccttcatttgaggaaagtggaggagctctggcctgaccttatctataatgcccaccagggcttctttttaggttcatctaggcctttagactcacacaggcctac,TC,253
TPD52_5,gtgaccgggatggcgcattttcttgcaccaactaatgcggtgtcgctggcggctgaggagggcggagagttctgtggtgaaatagtgggaaggattcatgtaggcatcgggaagagccTAAGtccacattataaaataggaagttgatgcggggtacagttactcccggaccggcggcgtgaaagtcgtgatatcatcgttgaactcaatgggatatcttccaaggaatctcaatcaaaagggagagatggctccgattggaatgtcatccctggctgaagagtagaggaagcgaaaaaaagaagagttaaagaggcaaatgcagggaacccgacgaggaggctattgccgtagtagttcacatggtgaaaagaatggagcgtttgtattaatgattatggattcactctttgaacaaatttctggcagctttttagttttgaaagtgagaagtttcagactctcactga,TAAG,118
TPD52_6,gtgagtgatgaaatggtagtggagctcattgagaagaatttggagacccccttgtgcaaaaatggttttcttctggatggcttccctcggactgtgaggcaggcagaaatggctgattcaccccaagagtggccgttcctaccacgaggagttcaaccctccaaaagagcccatgaaagatgacgtatgtaaactcaggacaaaaaatttccttttctttcct,-,-1
TPD52_7,gtgattgctttggcaacacatctaggacaatttgaacaatacagagattagcacagcccctgagcaaggttgacacatgaatttctgaagcattccattaaaaa,-,-1
TPD52_8,gtgcctgctttggcggcacatatcctaaaattggaacaatacagagaaagttagcacggcttctgcataaggaggcagcacaactctttgaagcattccatattttg,-,-1
TPD52_9,gtgcctgctttggcggcacatatcctaaaattggaacaatacagagaaagttagcacggcttctgcataaggaggcagcacaactctttgaagcattccatattttg,-,-1
TPD52_10,gtgcctgctttggcggcacatatcctaaaattggaacaatacagagaaagttagcacggcttctgcataaggaggcagcacaactctttgaagcattccatattttg,-,-1
TPD52_11,gtgcctgctttggcggcacatatcctaaaattggaacaatacagagaaagttagcatggcttctgcataaggaggcagcacaactctttgaggcattccatattttg,-,-1
TPD52_12,gtgctcacattggcagcacatctactaaaattggaacaacacagagaagattagcacggcccctgcttaaggatgacacgcaaattcatgaagtcttctatatcttt,-,-1
TPD52_13,gtgctcacttcagcagcacatattctaaaattggaacgatacagagaagattagcatggcccctgtaaggatgacactcaaattagtgaaggattccatatttta,-,-1
TPD52_14,gtgctcacttccatatatcacatatacgaaaattagaatgataaagagaagatgcatggcccctgtgcaagaataacacacaaatttgtgaagcgttccttattttt,-,-1
TPD52_15,gtgctcacttcgggagcacatgtactaaaattggatacagagaagatcagcatggcccatgtgcaaggattggatatagaaaactttaatacttcatt,-,-1
TPD52_16,gtgctcactttggcagcatgtatactaaaactggaacaatacagagaatattagcatggcccttgcacaaaaatgatatgcaaatttgtgaagcattccatattttt,-,-1
TPD52_17,gtgctcatttctgcagcacatatactgaaatttcgaaggttacagggattagcacggccactgggcacggatgacacaaattcaagaagcgttccatattggg,-,-1
TPD52_18,gtgctcatttctgcagcacatatactgaaatttcgaaggttacagggattagcacggccactgggcacggatgacacaaattcaagaagcgttccatattggg,-,-1
TPD52_19,gtgctcatttctgcagcacatatactgaaatttcgaaggttacagggattagcacggccactgggcacggatgacacaaattcaagaagcgttccatattggg,-,-1
TPD52_20,gtgctcatttctgcagcacatatactgaaatttcgaaggttacagggattagcacggccactgggcacggatgacacaaattcaagaagcgttccatattggg,-,-1
TPD52_21,gtgctcatttctgcagcacatatactgaaatttcgaaggttacagggattagcacggccactgggcacggatgacacaaattcaagaagcgttccatattggg,-,-1
TPD52_22,gtgctcattttggcagcacatatactaaaattagaacactgcagagaagattagcatggcccctgcacaaggatgacaataaaaattaaaaaatgaattt,-,-1
TPD52_23,gtgctcccttcagcagcacatatataaagttgaacaatacaggaaagattagcatggcctttgggcaagaacagcacccaaattcatgaaacattccattttttt,-,-1
TPD52_24,gtgctcgcttcagcagcacatatactaaaattggaacgatacagagaagattaacgtggcccctgagcaaggatgacacgcaaattcgtgaagcgttccatattttt,-,-1
TPD52_25,gtgctcgcttcggcagcaaatatactaaaattggaacaatacagagaacattagcgtggtccctgcacaaggatgacatgcaaattggtgaggctttccatcttttt,-,-1
TPD52_26,gtgctcgcttcggcagcaaatatactaaaattggaacaatacagagaacattagcgtggtccctgcacaaggatgacatgcaaattggtgaggctttccatcttttt,-,-1
TPD52_27,gtgctcgcttcggcagcacatatactaaaattggaacgatacagagaagattagcatgaggatgacacgcaaattcgtgaagcgttccatttcttt,-,-1
TPD52_28,gtgctcgcttcggcagcacatatactaaaattggaacgatacagagaagattagcatggcccctgagcaaggatgacacgcaaattcgtgaagcgttccatattttt,-,-1
FKBP7,gtgctcgcttcggcagcacatatactaaaattggaacgatacagagaagattagcatggcccctgagcaaggatgacacgcaaattcgtgaagcgttccatattttt,-,-1
FKBP7_1,gtgctggcatcagctgtacatatagtaaaattgaaacaacttcgagaagatcagcatggtccctgcacgaggatgacacacagatttgtgaagtgttgcatatttct,-,-1
FKBP7_2,gtgctggcttcaggggtacatatactaaaattgaaacaatgtcgagaagatcagcatggtccctgcacaaggatgacacagaaatctgtgaagtgttgcatatttct,-,-1
FKBP7_3,gtgctggcttcagtggtacatatagtaaaattaagacaacgttgagaagatcagcatggtccccgcacaaggatgacatagaaatctgtaaggtgttgcatgtttct,-,-1
FKBP7_4,gtgctggcttcagtggtacatatagtaaaattgaaacaacgttgagaagaccagcatggtccccgcacaaggatgacatagaaatctgtaaagtgttgcatatttct,-,-1
FKBP7_5,gtgctggcttcagtggtacatatagtaaaattgaaacaacgttgagaagatcagcacggtccccacacaaggatgacatagaaatctgtaaagtgttgcatatttct,-,-1
FKBP7_6,gtgctggcttcagtggtacatatagtaaaattgaaacaacgttgagaagatcagcatggtccccacacaaggatgacatagaatctgtaaagtgttgcatatttct,-,-1
FKBP7_7,gtgctgggattacaggcgtgagccactacgcctggccagcagcacatatattaaaactggaataatacagggaagattagcagaaggatgacatgcaaatttgtgaagcgttccatattaaa,-,-1
STX7,gtgctgggattacaggcgtgagccactacgcctggccagcagcacatatattaaaactggaataatacagggaagattagcagaaggatgacatgcaaatttgtgaagcgttccatattaaa,-,-1
STX7_1,gtgcttgcttcagcagcacatatactaaaattggaacgatgcagagaagattttcatggtccctgcacaaggatgacacataaatttatgatgtgttccatatttat,-,-1
STX7_2,gtgcttgcttcagcagcacatatactaaaattggaataatacagagaagataggcatggcccttgcctaagaatggcatgcaaattcatgaagcactccatattttt,-,-1
STX7_3,gtgcttgcttcggcagcacgtatactaaattggaacaatcaagagaagattagcatggcctctctgcacaaggatgacacgcaaatttgtgaagtgttccatattaaa,-,-1
STK17B,gtgcttgcttctgcagcacatatactaaaactggaacgatacagagaagattagcatggcccctgcacaaggatgacacacaaAttcatgacgtgttccatatttaa,A,83
STK17B_1,gtggcggccaaagccctggagatgggcgtgtttggcgcatatttcaacgtgctcatcaacctgagggacatcacagacgaggcatttaaggaccagcctcctgcaggaagccaagacccaggctgcactggtgctggactgcttggagacccggcaggagtgacgaaacccCAgggacagcaggaccttcgacgctggaaggatagcctcgcttcccaggtgcagctcccggcaggtctggacagttccacagagcacggtactggccctgtcctcagttcccgtccacccttcaaccagtggctcctgggagacttttcctccctgcctcagctccctgcccagccagcctcctgtctccagagaagttctccattaaaaaataatttagcaaatca,CA,171
STK17B_2,gtgtggatgggggggttattctcaggtcagcccagtgttggcctccctccctgggaacccaaatccaactttgtcacctgtttaaattgtacagaaggagcagatGACATtcctgggccagtgacctgggagccaaggcctgaaaactccatctttttaaagtggccggaacctgagaatcccaatggattgattctaatgtatgaaataaaatacggatcacaagttgaggatcagcgagaatgtgtgtccagacaggaatacaggaagtatggaggggccaagctaaaccggctaaacccggggaactacacagcccggattcaggccacatctctctctg,GACAT,105
STK17B_3,gtgttaaattctcaagattttaccttagcgtgatctatattaccttctactgaattcaacaggagaagttgaatgatcagctggaggaacaaaggcaggaacaggccctgcagaggtatcgctgtgaagccgatgagctggacagctggctcttgaGtAccaaggccactctggacactgcgctgagtccacccaaggagcccatggacatggaggcccagcttatggactgccagaatatgctggtggaaatagagcagaaggtggtggctttatcagaactgtcagtccacaatgagaacctgctgctggagggcaaagctcacaccaaggacgaggccgagcagctggctggaaagctgagaaggctcaaggggagcctgctggagctgcagagagccctgcatgataagc,GA,156
STK17B_4,gttacaggcacgcagcaccgcggcactgcaccggctattgttcttttatttttttccctctttgtccctgaaagagtcaagctactaattgtcagtaatcaaatcagaccacgatttcccaggcaaactcctggcagttctacatttaggaatgactagctagagacatcctgaagaatgagttattcggggaggcgccagccacctcctctaacttcacctctatctgccctctgtgctcaaagatttggaaagagacagcttaacagaaaaggaatgtgtgaaggagaaattgaatctcttgcacgaatttctgcaaacagaaataaagaatcagttatgtgacttggaaaccaaattacgtaaagaagaattatccgaggagggctacctggctaaagtcaaatcccttttaaataaagatttgtccttggagaacggtgctcatgcttacaaccgggaagtgaatggacgtctagaaaacgggaa,-,-1
GMCL1,gttgctgccacgatcagtgccacagagaccctctcggaagaggagcaggaagagctaagaagagaacttgcaaaggtagaagaagaaatccagactctgtctcaagtgttagcagcaaaagagaagcatctagcagagatcaagcggaaacttggaatcaattctctacaggaactaaaacagaacattgccaaagggtggcaagacgtgacagcaacatctgcgtatgtttccttgatcatacactttccttgggagtgtaaaggacactgttgtgccttttgtctggagaggggaagaaaaagaggataaggatgcttcagcagcttttctttggacgacacggcaccctttttttctgattttcaagtgtgcctgcctttttttgtaacttcaatttttccagaccacttattctaaggaatagaaagaaagctagccagttggagaaataaaattc,-,-1
GMCL1_1,gttttgggtggtaagccttaagaaaaagtcactgacaaaaagtcgaccacccatgagggaaatacttggaatgagttagagacaaaaagacattttgaattttttattttctacttgctaatatgataaactgaaataagtcttctctcttgtattttttagtactgctggcgttggacaggttttaacttcggcttcgacctacttgtaacttacaccaatcgatacatcattttcaaacgcaatacactgaatcagccatgtagcggatctgtcagtttacagcctcgaaggagcatagcatttagattacgtttggcttcttttgatagtagtggaaaactaatatgtagtagaacaactggctatcaaatacttacacttgaaaaggatcaggaacaagtggtgatgaacttggacagcaggcttctgatcttccctttatatatctgctgtaacttcttgtatatatcaccag,-,-1
GMCL1_2,taaaggcagaaaagattatatgtcatacctccattggggaataagcataaccctgagattcttactactgatgagaacattatctgcatatgccaaaaaattttaagcaaatgaaagctaccaatttaaagttacggaatctaccattttaaagttaattgcttgtcaagctataaccacaaaaataatgaattgatgagaaatacaatgaagaggcaatgtccatctcaaaatactgcttttacaaaagcagaataaaagcgaaaagaaatgaaaatgttacactacattaatcctggaataaaagaagccgaaataaatgagagatgagttgggatcaagtggattgaggaggctgtgctgtgtgccaatgtttcgtttgcctcagacagaaactttgtctgcgaacactctttaatggacc,-,-1
GMCL1_3,taaataggttgctggtcaaattccctgagttgaattatcagcttaaaattaaagtgtgcattgacaaagactctggggacgttgcagctctcagagggtaagttcagcctagaggcttccttttgttccgtttaacctaacttcatcctccggctacttggtcacctacatagttgattgttcccc,-,-1
TNRC6A,taatgaattgatgagaaatacaatgaagaggcaatgtccatctcaaaatactgcttttacaaaagcagaataaaagcgaaaagaaatgaaaatgt,-,-1
TNRC6A_1,tagttcagtgttggggcaatcttgggggggattcttctctaatctttcagaaactttgtctgcgaacactctttaatggaccagatcaggatttgagcggaagaacgaatgtaactttaagaggcatttcatccttcatgaagccattcaggattttgaattgcatatgagtgcttggctcttccttctgttctaacttcacagagaatgcagttgtcttgacttcaggtctgtctgttctgttggcaagtaaatgcagtactgttctgatcccgctgctattagaatgcattgtgaaacgactggagtatgattaaaagttgtgttccccaa,-,-1
TNRC6A_2,tcatgcaccccgaaggcaatggacgaagcggctttctcatccatggtgaacgacagaaagacaaactgcttcaaaagttagaaccccggagctggtgccaaattgtaaaacgtgactgtcctttccagcaaagtctcttttgaccacacgctttatccgagatgcttagaagtatatttggctgttttatttgcatctttgattaagatgtctatcattgtaaaaaggtattcaaaacaaaagtgtactcttttattattatgaatcacattgtacTGagctgtgaagtcagtgttttaaaaatgtagagtttattcatggagcatgccattgaggtttggatggtggcaggtaaaacagaaaggcaagatgtcatctgacattaggctacttataaataaatgtttatctagcttttatttcatgccctaatgaataaaacatgcttggaaaaagaaagtaacaag,TG,276
TNRC6A_3,tcgggcttggactcgggctttggctcggcgcggggctgagcgcggcccggcggctcgagcaggtgccgagcctcctgggccggcgccgcaagttgcatctcccgGATCCGGATctggcatcctggggccctggaaggagcggctctggcgggggcagatgggactgcatgtgtgagtgtctgctgagaacagacccagtccctgaggaaggagaagatgttgctgccacgatcagtgccacagagaccctctcggaagaggagcaggaagagctaagaagagaacttgcaaaggtagaagaagaaatccagactctgtctcaagtgttagcagcaaaagagaagcatctagcagagatcaagcggaaacttggaatcaattctctacaggaactaaaacagaacattgccaaagggtggcaagacgtgacagcaacatctgcgta,GATCCGGAT,104
TNRC6A_4,tctttggaagaaactctgaagtaaaggccggaatattctttgtttaaaacattaaaaacaaaacagaccaaagcatcaagcaagaagtttcctggcaataAactaagcacagcattattttttaaggaacacaaattaagtgttcaacctgtggcaaatttgtactttctccctgaattatgttgttatcaaagaaaaaaattgggaagcatggcaaaatatcatcaaaactgaaactag,A,100
TNRC6A_5,ttgtcgagatgtccacagaaggaggatttggtggtactagcagcagtgatgcccagcaaagcctacagtcgttctggcctcgggtcatggaagaaatccggaatttaacagtgatgatcagtgcagaagcgcctgtactcttTgCCaaggcagcccagatttttatcacagagttgactcttcgagcctggattcacacagaagataacaagcgccggactctacagagaaatgatatcgccatggcaattacaaaatttgatcagtttgattttctcatcgatattgttcca,TCC,142
TNRC6A_6,tttcgaggtaggagtcgactcctgtgaggtatggtgctgggtgcagatgcagtgtggctctggatagcaccttatggacagttgtgtccccaaggaaggatgagaatagctactgaagtcctaaagagcaagcctaactcaagccattggcacacaggtgagacacctctattttgtacttctcacttttaagggattagaaaatagccaaagcaatgatgattatctatgttagtgcttctctcccctcttttcaaatgagaattttgctctcatattgatactaagtttaatactgaagaaaatgtgaaaacagatactatgatggttgcatagttcagcagAtttaatCAtgaagagatgtactatctgtctgatgtatctggggtagttgtggtttgctgttaatggttaagcagtgtaccaccaatctaccattaaaatattttttgctgacaattttgtatta,ACA,344
TNRC6A_7,tttggttacttgaatttactgagaagactgagcaaagggaagtttagtgatatcacgttaaaattttatgaagtccaaaagaatgctagatttccaaatttacttgtgagagacaaaaggatacaagtgtgtgtcattgtgtacataaagtttcggtctcacccctgtacaatgacctttatttgcaatagatggcattcctgataacattgcttcagagctggagaacttcatggggctcatcgaggtggtgacgggctacgtgaagatccgccattctcatgccttggtctccttgtcctt,-,-1
TNRC6A_8,ttttgcattgcataactttttactaCTgatcctgtactattactgtatcctagatgatgtatagtgataaattctaaaggatatattttatttgttttataaatttcatattaaaattttattaagttctttgttatctaaggagaattgttatctttagcctcacatgttgtgcttatttgtagaatcaagattagaaggatggctttcattgcctgtacgaaacaacactaagaaatttggatgggttaaaaagtatgtgattgtaagcagtaagaagattcttttctatgacagtgaacaagataaagaacaatccaatccttacatggttttagatatagacaagttatttcatgtccgaccagttacacagacagatgtgtatagagcagatgctaaagaaattccaaggatattccagattctgtatgccaatgaaggagaaagtaagaaggaac,CT,25
TNRC6A_9,ttttgtagaatgagctgaaagccagtggtggcgaaatcaaaattcataaaatggagcaaaaggagaatgtgcccccaggtcctgaggtctgcATcacccatcaggaaggggaaaagatttctgcaaatgagaatagcctggcagtccgttccacccctgccgaagatgactcccgtaagcattctttcttagatctggaggatgaggttcttgttttctatctgtatttggttcaggggtgttcccattactgtcagtgctgagaaaataacatagtaaatcctctacttgaatttaagggctaatgcttgaatgtcctttacacacttcatggcttaaggagaagttaaattcaattgaatatagttaacttgggacaaactgaa,AT,92
TNRC6A_10,tttttatttaaatacatttatttgaaccggcctgggggaggcttgatgttgatgggttggtgattaaagcctcccaaagccaatccttggcatggcctttgggactcaaaacacaggatctgactggtgggcacaataccatcttgaacgcccacaaaaaggtttggttttgttgccaaagggcaggtggctccaggcagggctgatggtggcaggtgggggtgaggagcctgcggtgctccccagaaaaggggaaggggcagtggggtgagaaggtcctggctccccttctcccggccttcctctgcctggggcccactgcatctgattggcagtcacttcccatgagggcctggcccacccgctgcagttgccctaaggaaaaataaagctgcctttcccctgtcctgctgtggccaaagtgtccttgctccaggttcctgccctgggcttgggcctccgtctgggctgctcacaagaccttcttttcgggagaca,-,-1
TNRC6A_11,tttttatttaaatacatttatttgaaccggcctgggggaggcttgatgttgatgggttggtgattaaagcctcccaaagccaatccttggcatggcctttgggactcaaaacacaggatctgactggtgggcacaataccatcttgaacgcccacaaaaaggtttggttttgttgccaaagggcagtcacttcccatgagggcctggcccacccgctgcagttgccctaaggaaaaataaagctgcctttcccctgtcctgctgtggccaaagtgtccttgctccaggttcctgccctgggcttgggcctccgtctgggctgctcacaagacct,-,-1
TNRC6A_12,gacactacatatttatttatttatttcttagtaatgtttactggaacttaaatctgtgataacctaaactaaaagtctcaaacaacccgttacttgctgaccaatttttgtaggtactgggtgtaaatatgatgaccggtacca,-,-1
TNRC6A_13,gaagacttgctataggagattaacaacccaagaataatttttgaaggctctgggtctttaggtccaaaccagtgcca,-,-1